[
  {
    "model": "apis.person",
    "pk": 1,
    "fields": {
      "primary_name": "Fred Astaire",
      "birth_year": 1899,
      "death_year": 1987
    }
  },
  {
    "model": "apis.person",
    "pk": 2,
    "fields": {
      "primary_name": "Lauren Bacall",
      "birth_year": 1924,
      "death_year": 2014
    }
  },
  {
    "model": "apis.person",
    "pk": 3,
    "fields": {
      "primary_name": "Brigitte Bardot",
      "birth_year": 1934,
      "death_year": null
    }
  },
  {
    "model": "apis.person",
    "pk": 4,
    "fields": {
      "primary_name": "John Belushi",
      "birth_year": 1949,
      "death_year": 1982
    }
  },
  {
    "model": "apis.person",
    "pk": 5,
    "fields": {
      "primary_name": "Ingmar Bergman",
      "birth_year": 1918,
      "death_year": 2007
    }
  },
  {
    "model": "apis.person",
    "pk": 6,
    "fields": {
      "primary_name": "Ingrid Bergman",
      "birth_year": 1915,
      "death_year": 1982
    }
  },
  {
    "model": "apis.person",
    "pk": 7,
    "fields": {
      "primary_name": "Humphrey Bogart",
      "birth_year": 1899,
      "death_year": 1957
    }
  },
  {
    "model": "apis.person",
    "pk": 8,
    "fields": {
      "primary_name": "Marlon Brando",
      "birth_year": 1924,
      "death_year": 2004
    }
  },
  {
    "model": "apis.person",
    "pk": 9,
    "fields": {
      "primary_name": "Richard Burton",
      "birth_year": 1925,
      "death_year": 1984
    }
  },
  {
    "model": "apis.person",
    "pk": 10,
    "fields": {
      "primary_name": "James Cagney",
      "birth_year": 1899,
      "death_year": 1986
    }
  },
  {
    "model": "apis.person",
    "pk": 11,
    "fields": {
      "primary_name": "Gary Cooper",
      "birth_year": 1901,
      "death_year": 1961
    }
  },
  {
    "model": "apis.person",
    "pk": 12,
    "fields": {
      "primary_name": "Bette Davis",
      "birth_year": 1908,
      "death_year": 1989
    }
  },
  {
    "model": "apis.person",
    "pk": 13,
    "fields": {
      "primary_name": "Doris Day",
      "birth_year": 1922,
      "death_year": null
    }
  },
  {
    "model": "apis.person",
    "pk": 14,
    "fields": {
      "primary_name": "Olivia de Havilland",
      "birth_year": 1916,
      "death_year": null
    }
  },
  {
    "model": "apis.person",
    "pk": 15,
    "fields": {
      "primary_name": "James Dean",
      "birth_year": 1931,
      "death_year": 1955
    }
  },
  {
    "model": "apis.person",
    "pk": 16,
    "fields": {
      "primary_name": "Georges Delerue",
      "birth_year": 1925,
      "death_year": 1992
    }
  },
  {
    "model": "apis.person",
    "pk": 17,
    "fields": {
      "primary_name": "Marlene Dietrich",
      "birth_year": 1901,
      "death_year": 1992
    }
  },
  {
    "model": "apis.person",
    "pk": 18,
    "fields": {
      "primary_name": "Kirk Douglas",
      "birth_year": 1916,
      "death_year": null
    }
  },
  {
    "model": "apis.person",
    "pk": 19,
    "fields": {
      "primary_name": "Federico Fellini",
      "birth_year": 1920,
      "death_year": 1993
    }
  },
  {
    "model": "apis.person",
    "pk": 20,
    "fields": {
      "primary_name": "Henry Fonda",
      "birth_year": 1905,
      "death_year": 1982
    }
  },
  {
    "model": "apis.profession",
    "pk": 1,
    "fields": {
      "title": "soundtrack"
    }
  },
  {
    "model": "apis.profession",
    "pk": 2,
    "fields": {
      "title": "actor"
    }
  },
  {
    "model": "apis.profession",
    "pk": 3,
    "fields": {
      "title": "miscellaneous"
    }
  },
  {
    "model": "apis.profession",
    "pk": 4,
    "fields": {
      "title": "actress"
    }
  },
  {
    "model": "apis.profession",
    "pk": 5,
    "fields": {
      "title": "producer"
    }
  },
  {
    "model": "apis.profession",
    "pk": 6,
    "fields": {
      "title": "writer"
    }
  },
  {
    "model": "apis.profession",
    "pk": 7,
    "fields": {
      "title": "director"
    }
  },
  {
    "model": "apis.profession",
    "pk": 8,
    "fields": {
      "title": "make_up_department"
    }
  },
  {
    "model": "apis.profession",
    "pk": 9,
    "fields": {
      "title": "composer"
    }
  },
  {
    "model": "apis.profession",
    "pk": 10,
    "fields": {
      "title": "music_department"
    }
  },
  {
    "model": "apis.profession",
    "pk": 11,
    "fields": {
      "title": "assistant_director"
    }
  },
  {
    "model": "apis.personprofession",
    "pk": 1,
    "fields": {
      "person": 1,
      "profession": 1
    }
  },
  {
    "model": "apis.personprofession",
    "pk": 2,
    "fields": {
      "person": 1,
      "profession": 2
    }
  },
  {
    "model": "apis.personprofession",
    "pk": 3,
    "fields": {
      "person": 1,
      "profession": 3
    }
  },
  {
    "model": "apis.personprofession",
    "pk": 4,
    "fields": {
      "person": 2,
      "profession": 4
    }
  },
  {
    "model": "apis.personprofession",
    "pk": 5,
    "fields": {
      "person": 2,
      "profession": 1
    }
  },
  {
    "model": "apis.personprofession",
    "pk": 6,
    "fields": {
      "person": 3,
      "profession": 4
    }
  },
  {
    "model": "apis.personprofession",
    "pk": 7,
    "fields": {
      "person": 3,
      "profession": 1
    }
  },
  {
    "model": "apis.personprofession",
    "pk": 8,
    "fields": {
      "person": 3,
      "profession": 5
    }
  },
  {
    "model": "apis.personprofession",
    "pk": 9,
    "fields": {
      "person": 4,
      "profession": 2
    }
  },
  {
    "model": "apis.personprofession",
    "pk": 10,
    "fields": {
      "person": 4,
      "profession": 6
    }
  },
  {
    "model": "apis.personprofession",
    "pk": 11,
    "fields": {
      "person": 4,
      "profession": 1
    }
  },
  {
    "model": "apis.personprofession",
    "pk": 12,
    "fields": {
      "person": 5,
      "profession": 6
    }
  },
  {
    "model": "apis.personprofession",
    "pk": 13,
    "fields": {
      "person": 5,
      "profession": 7
    }
  },
  {
    "model": "apis.personprofession",
    "pk": 14,
    "fields": {
      "person": 5,
      "profession": 2
    }
  },
  {
    "model": "apis.personprofession",
    "pk": 15,
    "fields": {
      "person": 6,
      "profession": 4
    }
  },
  {
    "model": "apis.personprofession",
    "pk": 16,
    "fields": {
      "person": 6,
      "profession": 1
    }
  },
  {
    "model": "apis.personprofession",
    "pk": 17,
    "fields": {
      "person": 6,
      "profession": 5
    }
  },
  {
    "model": "apis.personprofession",
    "pk": 18,
    "fields": {
      "person": 7,
      "profession": 2
    }
  },
  {
    "model": "apis.personprofession",
    "pk": 19,
    "fields": {
      "person": 7,
      "profession": 1
    }
  },
  {
    "model": "apis.personprofession",
    "pk": 20,
    "fields": {
      "person": 7,
      "profession": 5
    }
  },
  {
    "model": "apis.personprofession",
    "pk": 21,
    "fields": {
      "person": 8,
      "profession": 2
    }
  },
  {
    "model": "apis.personprofession",
    "pk": 22,
    "fields": {
      "person": 8,
      "profession": 1
    }
  },
  {
    "model": "apis.personprofession",
    "pk": 23,
    "fields": {
      "person": 8,
      "profession": 7
    }
  },
  {
    "model": "apis.personprofession",
    "pk": 24,
    "fields": {
      "person": 9,
      "profession": 2
    }
  },
  {
    "model": "apis.personprofession",
    "pk": 25,
    "fields": {
      "person": 9,
      "profession": 5
    }
  },
  {
    "model": "apis.personprofession",
    "pk": 26,
    "fields": {
      "person": 9,
      "profession": 1
    }
  },
  {
    "model": "apis.personprofession",
    "pk": 27,
    "fields": {
      "person": 10,
      "profession": 2
    }
  },
  {
    "model": "apis.personprofession",
    "pk": 28,
    "fields": {
      "person": 10,
      "profession": 1
    }
  },
  {
    "model": "apis.personprofession",
    "pk": 29,
    "fields": {
      "person": 10,
      "profession": 7
    }
  },
  {
    "model": "apis.personprofession",
    "pk": 30,
    "fields": {
      "person": 11,
      "profession": 2
    }
  },
  {
    "model": "apis.personprofession",
    "pk": 31,
    "fields": {
      "person": 11,
      "profession": 1
    }
  },
  {
    "model": "apis.personprofession",
    "pk": 32,
    "fields": {
      "person": 11,
      "profession": 5
    }
  },
  {
    "model": "apis.personprofession",
    "pk": 33,
    "fields": {
      "person": 12,
      "profession": 4
    }
  },
  {
    "model": "apis.personprofession",
    "pk": 34,
    "fields": {
      "person": 12,
      "profession": 1
    }
  },
  {
    "model": "apis.personprofession",
    "pk": 35,
    "fields": {
      "person": 12,
      "profession": 8
    }
  },
  {
    "model": "apis.personprofession",
    "pk": 36,
    "fields": {
      "person": 13,
      "profession": 1
    }
  },
  {
    "model": "apis.personprofession",
    "pk": 37,
    "fields": {
      "person": 13,
      "profession": 4
    }
  },
  {
    "model": "apis.personprofession",
    "pk": 38,
    "fields": {
      "person": 13,
      "profession": 5
    }
  },
  {
    "model": "apis.personprofession",
    "pk": 39,
    "fields": {
      "person": 14,
      "profession": 4
    }
  },
  {
    "model": "apis.personprofession",
    "pk": 40,
    "fields": {
      "person": 14,
      "profession": 1
    }
  },
  {
    "model": "apis.personprofession",
    "pk": 41,
    "fields": {
      "person": 15,
      "profession": 2
    }
  },
  {
    "model": "apis.personprofession",
    "pk": 42,
    "fields": {
      "person": 15,
      "profession": 3
    }
  },
  {
    "model": "apis.personprofession",
    "pk": 43,
    "fields": {
      "person": 16,
      "profession": 9
    }
  },
  {
    "model": "apis.personprofession",
    "pk": 44,
    "fields": {
      "person": 16,
      "profession": 1
    }
  },
  {
    "model": "apis.personprofession",
    "pk": 45,
    "fields": {
      "person": 16,
      "profession": 10
    }
  },
  {
    "model": "apis.personprofession",
    "pk": 46,
    "fields": {
      "person": 17,
      "profession": 1
    }
  },
  {
    "model": "apis.personprofession",
    "pk": 47,
    "fields": {
      "person": 17,
      "profession": 4
    }
  },
  {
    "model": "apis.personprofession",
    "pk": 48,
    "fields": {
      "person": 17,
      "profession": 10
    }
  },
  {
    "model": "apis.personprofession",
    "pk": 49,
    "fields": {
      "person": 18,
      "profession": 2
    }
  },
  {
    "model": "apis.personprofession",
    "pk": 50,
    "fields": {
      "person": 18,
      "profession": 5
    }
  },
  {
    "model": "apis.personprofession",
    "pk": 51,
    "fields": {
      "person": 18,
      "profession": 1
    }
  },
  {
    "model": "apis.personprofession",
    "pk": 52,
    "fields": {
      "person": 19,
      "profession": 6
    }
  },
  {
    "model": "apis.personprofession",
    "pk": 53,
    "fields": {
      "person": 19,
      "profession": 7
    }
  },
  {
    "model": "apis.personprofession",
    "pk": 54,
    "fields": {
      "person": 19,
      "profession": 11
    }
  },
  {
    "model": "apis.personprofession",
    "pk": 55,
    "fields": {
      "person": 20,
      "profession": 2
    }
  },
  {
    "model": "apis.personprofession",
    "pk": 56,
    "fields": {
      "person": 20,
      "profession": 5
    }
  },
  {
    "model": "apis.personprofession",
    "pk": 57,
    "fields": {
      "person": 20,
      "profession": 1
    }
  },
  {
    "model": "apis.title",
    "pk": 21156,
    "fields": {
      "original_name": "Morocco",
      "is_adult": 0,
      "start_year": 1930,
      "end_year": null,
      "runtime": 92
    }
  },
  {
    "model": "apis.title",
    "pk": 27996,
    "fields": {
      "original_name": "Mr. Deeds Goes to Town",
      "is_adult": 0,
      "start_year": 1936,
      "end_year": null,
      "runtime": 115
    }
  },
  {
    "model": "apis.title",
    "pk": 29843,
    "fields": {
      "original_name": "The Adventures of Robin Hood",
      "is_adult": 0,
      "start_year": 1938,
      "end_year": null,
      "runtime": 102
    }
  },
  {
    "model": "apis.title",
    "pk": 29870,
    "fields": {
      "original_name": "Angels with Dirty Faces",
      "is_adult": 0,
      "start_year": 1938,
      "end_year": null,
      "runtime": 97
    }
  },
  {
    "model": "apis.title",
    "pk": 31210,
    "fields": {
      "original_name": "Dark Victory",
      "is_adult": 0,
      "start_year": 1939,
      "end_year": null,
      "runtime": 104
    }
  },
  {
    "model": "apis.title",
    "pk": 31381,
    "fields": {
      "original_name": "Gone with the Wind",
      "is_adult": 0,
      "start_year": 1939,
      "end_year": null,
      "runtime": 238
    }
  },
  {
    "model": "apis.title",
    "pk": 31867,
    "fields": {
      "original_name": "The Roaring Twenties",
      "is_adult": 0,
      "start_year": 1939,
      "end_year": null,
      "runtime": 106
    }
  },
  {
    "model": "apis.title",
    "pk": 32551,
    "fields": {
      "original_name": "The Grapes of Wrath",
      "is_adult": 0,
      "start_year": 1940,
      "end_year": null,
      "runtime": 129
    }
  },
  {
    "model": "apis.title",
    "pk": 33870,
    "fields": {
      "original_name": "The Maltese Falcon",
      "is_adult": 0,
      "start_year": 1941,
      "end_year": null,
      "runtime": 100
    }
  },
  {
    "model": "apis.title",
    "pk": 34167,
    "fields": {
      "original_name": "Sergeant York",
      "is_adult": 0,
      "start_year": 1941,
      "end_year": null,
      "runtime": 134
    }
  },
  {
    "model": "apis.title",
    "pk": 34583,
    "fields": {
      "original_name": "Casablanca",
      "is_adult": 0,
      "start_year": 1942,
      "end_year": null,
      "runtime": 102
    }
  },
  {
    "model": "apis.title",
    "pk": 35140,
    "fields": {
      "original_name": "Now, Voyager",
      "is_adult": 0,
      "start_year": 1942,
      "end_year": null,
      "runtime": 117
    }
  },
  {
    "model": "apis.title",
    "pk": 35211,
    "fields": {
      "original_name": "The Pride of the Yankees",
      "is_adult": 0,
      "start_year": 1942,
      "end_year": null,
      "runtime": 128
    }
  },
  {
    "model": "apis.title",
    "pk": 35575,
    "fields": {
      "original_name": "Yankee Doodle Dandy",
      "is_adult": 0,
      "start_year": 1942,
      "end_year": null,
      "runtime": 126
    }
  },
  {
    "model": "apis.title",
    "pk": 36855,
    "fields": {
      "original_name": "Gaslight",
      "is_adult": 0,
      "start_year": 1944,
      "end_year": null,
      "runtime": 114
    }
  },
  {
    "model": "apis.title",
    "pk": 37382,
    "fields": {
      "original_name": "To Have and Have Not",
      "is_adult": 0,
      "start_year": 1944,
      "end_year": null,
      "runtime": 100
    }
  },
  {
    "model": "apis.title",
    "pk": 38109,
    "fields": {
      "original_name": "Spellbound",
      "is_adult": 0,
      "start_year": 1945,
      "end_year": null,
      "runtime": 111
    }
  },
  {
    "model": "apis.title",
    "pk": 38355,
    "fields": {
      "original_name": "The Big Sleep",
      "is_adult": 0,
      "start_year": 1946,
      "end_year": null,
      "runtime": 114
    }
  },
  {
    "model": "apis.title",
    "pk": 38787,
    "fields": {
      "original_name": "Notorious",
      "is_adult": 0,
      "start_year": 1946,
      "end_year": null,
      "runtime": 102
    }
  },
  {
    "model": "apis.title",
    "pk": 40806,
    "fields": {
      "original_name": "The Snake Pit",
      "is_adult": 0,
      "start_year": 1948,
      "end_year": null,
      "runtime": 108
    }
  },
  {
    "model": "apis.title",
    "pk": 41452,
    "fields": {
      "original_name": "The Heiress",
      "is_adult": 0,
      "start_year": 1949,
      "end_year": null,
      "runtime": 115
    }
  },
  {
    "model": "apis.title",
    "pk": 42192,
    "fields": {
      "original_name": "All About Eve",
      "is_adult": 0,
      "start_year": 1950,
      "end_year": null,
      "runtime": 138
    }
  },
  {
    "model": "apis.title",
    "pk": 43044,
    "fields": {
      "original_name": "Three Little Words",
      "is_adult": 0,
      "start_year": 1950,
      "end_year": null,
      "runtime": 102
    }
  },
  {
    "model": "apis.title",
    "pk": 43265,
    "fields": {
      "original_name": "The African Queen",
      "is_adult": 0,
      "start_year": 1951,
      "end_year": null,
      "runtime": 105
    }
  },
  {
    "model": "apis.title",
    "pk": 44706,
    "fields": {
      "original_name": "High Noon",
      "is_adult": 0,
      "start_year": 1952,
      "end_year": null,
      "runtime": 85
    }
  },
  {
    "model": "apis.title",
    "pk": 45458,
    "fields": {
      "original_name": "You Are There",
      "is_adult": 0,
      "start_year": 1953,
      "end_year": 1972,
      "runtime": 30
    }
  },
  {
    "model": "apis.title",
    "pk": 47296,
    "fields": {
      "original_name": "On the Waterfront",
      "is_adult": 0,
      "start_year": 1954,
      "end_year": null,
      "runtime": 108
    }
  },
  {
    "model": "apis.title",
    "pk": 47528,
    "fields": {
      "original_name": "La strada",
      "is_adult": 0,
      "start_year": 1954,
      "end_year": null,
      "runtime": 108
    }
  },
  {
    "model": "apis.title",
    "pk": 48028,
    "fields": {
      "original_name": "East of Eden",
      "is_adult": 0,
      "start_year": 1955,
      "end_year": null,
      "runtime": 118
    }
  },
  {
    "model": "apis.title",
    "pk": 48317,
    "fields": {
      "original_name": "Love Me or Leave Me",
      "is_adult": 0,
      "start_year": 1955,
      "end_year": null,
      "runtime": 122
    }
  },
  {
    "model": "apis.title",
    "pk": 48545,
    "fields": {
      "original_name": "Rebel Without a Cause",
      "is_adult": 0,
      "start_year": 1955,
      "end_year": null,
      "runtime": 111
    }
  },
  {
    "model": "apis.title",
    "pk": 49189,
    "fields": {
      "original_name": "Et Dieu... cr\u00e9a la femme",
      "is_adult": 0,
      "start_year": 1956,
      "end_year": null,
      "runtime": 95
    }
  },
  {
    "model": "apis.title",
    "pk": 49261,
    "fields": {
      "original_name": "Giant",
      "is_adult": 0,
      "start_year": 1956,
      "end_year": null,
      "runtime": 201
    }
  },
  {
    "model": "apis.title",
    "pk": 49456,
    "fields": {
      "original_name": "Lust for Life",
      "is_adult": 0,
      "start_year": 1956,
      "end_year": null,
      "runtime": 122
    }
  },
  {
    "model": "apis.title",
    "pk": 50083,
    "fields": {
      "original_name": "12 Angry Men",
      "is_adult": 0,
      "start_year": 1957,
      "end_year": null,
      "runtime": 96
    }
  },
  {
    "model": "apis.title",
    "pk": 50419,
    "fields": {
      "original_name": "Funny Face",
      "is_adult": 0,
      "start_year": 1957,
      "end_year": null,
      "runtime": 103
    }
  },
  {
    "model": "apis.title",
    "pk": 50976,
    "fields": {
      "original_name": "Det sjunde inseglet",
      "is_adult": 0,
      "start_year": 1957,
      "end_year": null,
      "runtime": 96
    }
  },
  {
    "model": "apis.title",
    "pk": 50986,
    "fields": {
      "original_name": "Smultronst\u00e4llet",
      "is_adult": 0,
      "start_year": 1957,
      "end_year": null,
      "runtime": 91
    }
  },
  {
    "model": "apis.title",
    "pk": 51201,
    "fields": {
      "original_name": "Witness for the Prosecution",
      "is_adult": 0,
      "start_year": 1957,
      "end_year": null,
      "runtime": 116
    }
  },
  {
    "model": "apis.title",
    "pk": 52311,
    "fields": {
      "original_name": "Touch of Evil",
      "is_adult": 0,
      "start_year": 1958,
      "end_year": null,
      "runtime": 95
    }
  },
  {
    "model": "apis.title",
    "pk": 52365,
    "fields": {
      "original_name": "The Vikings",
      "is_adult": 0,
      "start_year": 1958,
      "end_year": null,
      "runtime": 116
    }
  },
  {
    "model": "apis.title",
    "pk": 53137,
    "fields": {
      "original_name": "On the Beach",
      "is_adult": 0,
      "start_year": 1959,
      "end_year": null,
      "runtime": 134
    }
  },
  {
    "model": "apis.title",
    "pk": 53172,
    "fields": {
      "original_name": "Pillow Talk",
      "is_adult": 0,
      "start_year": 1959,
      "end_year": null,
      "runtime": 102
    }
  },
  {
    "model": "apis.title",
    "pk": 53779,
    "fields": {
      "original_name": "La dolce vita",
      "is_adult": 0,
      "start_year": 1960,
      "end_year": null,
      "runtime": 174
    }
  },
  {
    "model": "apis.title",
    "pk": 54331,
    "fields": {
      "original_name": "Spartacus",
      "is_adult": 0,
      "start_year": 1960,
      "end_year": null,
      "runtime": 197
    }
  },
  {
    "model": "apis.title",
    "pk": 54452,
    "fields": {
      "original_name": "La v\u00e9rit\u00e9",
      "is_adult": 0,
      "start_year": 1960,
      "end_year": null,
      "runtime": 130
    }
  },
  {
    "model": "apis.title",
    "pk": 55031,
    "fields": {
      "original_name": "Judgment at Nuremberg",
      "is_adult": 0,
      "start_year": 1961,
      "end_year": null,
      "runtime": 186
    }
  },
  {
    "model": "apis.title",
    "pk": 55100,
    "fields": {
      "original_name": "Lover Come Back",
      "is_adult": 0,
      "start_year": 1961,
      "end_year": null,
      "runtime": 107
    }
  },
  {
    "model": "apis.title",
    "pk": 55256,
    "fields": {
      "original_name": "One, Two, Three",
      "is_adult": 0,
      "start_year": 1961,
      "end_year": null,
      "runtime": 104
    }
  },
  {
    "model": "apis.title",
    "pk": 56687,
    "fields": {
      "original_name": "What Ever Happened to Baby Jane?",
      "is_adult": 0,
      "start_year": 1962,
      "end_year": null,
      "runtime": 134
    }
  },
  {
    "model": "apis.title",
    "pk": 56801,
    "fields": {
      "original_name": "8\u00bd",
      "is_adult": 0,
      "start_year": 1963,
      "end_year": null,
      "runtime": 138
    }
  },
  {
    "model": "apis.title",
    "pk": 57345,
    "fields": {
      "original_name": "Le m\u00e9pris",
      "is_adult": 0,
      "start_year": 1963,
      "end_year": null,
      "runtime": 103
    }
  },
  {
    "model": "apis.title",
    "pk": 57877,
    "fields": {
      "original_name": "Becket",
      "is_adult": 0,
      "start_year": 1964,
      "end_year": null,
      "runtime": 148
    }
  },
  {
    "model": "apis.title",
    "pk": 59749,
    "fields": {
      "original_name": "The Spy Who Came In from the Cold",
      "is_adult": 0,
      "start_year": 1965,
      "end_year": null,
      "runtime": 112
    }
  },
  {
    "model": "apis.title",
    "pk": 59956,
    "fields": {
      "original_name": "Viva Maria!",
      "is_adult": 0,
      "start_year": 1965,
      "end_year": null,
      "runtime": 120
    }
  },
  {
    "model": "apis.title",
    "pk": 60463,
    "fields": {
      "original_name": "The Glass Bottom Boat",
      "is_adult": 0,
      "start_year": 1966,
      "end_year": null,
      "runtime": 110
    }
  },
  {
    "model": "apis.title",
    "pk": 61184,
    "fields": {
      "original_name": "Who's Afraid of Virginia Woolf?",
      "is_adult": 0,
      "start_year": 1966,
      "end_year": null,
      "runtime": 131
    }
  },
  {
    "model": "apis.title",
    "pk": 64116,
    "fields": {
      "original_name": "C'era una volta il West",
      "is_adult": 0,
      "start_year": 1968,
      "end_year": null,
      "runtime": 165
    }
  },
  {
    "model": "apis.title",
    "pk": 68646,
    "fields": {
      "original_name": "The Godfather",
      "is_adult": 0,
      "start_year": 1972,
      "end_year": null,
      "runtime": 175
    }
  },
  {
    "model": "apis.title",
    "pk": 69467,
    "fields": {
      "original_name": "Viskningar och rop",
      "is_adult": 0,
      "start_year": 1972,
      "end_year": null,
      "runtime": 91
    }
  },
  {
    "model": "apis.title",
    "pk": 69946,
    "fields": {
      "original_name": "The Day of the Dolphin",
      "is_adult": 0,
      "start_year": 1973,
      "end_year": null,
      "runtime": 104
    }
  },
  {
    "model": "apis.title",
    "pk": 70849,
    "fields": {
      "original_name": "Ultimo tango a Parigi",
      "is_adult": 0,
      "start_year": 1972,
      "end_year": null,
      "runtime": 129
    }
  },
  {
    "model": "apis.title",
    "pk": 71129,
    "fields": {
      "original_name": "Amarcord",
      "is_adult": 0,
      "start_year": 1973,
      "end_year": null,
      "runtime": 123
    }
  },
  {
    "model": "apis.title",
    "pk": 71877,
    "fields": {
      "original_name": "Murder on the Orient Express",
      "is_adult": 0,
      "start_year": 1974,
      "end_year": null,
      "runtime": 128
    }
  },
  {
    "model": "apis.title",
    "pk": 72308,
    "fields": {
      "original_name": "The Towering Inferno",
      "is_adult": 0,
      "start_year": 1974,
      "end_year": null,
      "runtime": 165
    }
  },
  {
    "model": "apis.title",
    "pk": 72562,
    "fields": {
      "original_name": "Saturday Night Live",
      "is_adult": 0,
      "start_year": 1975,
      "end_year": null,
      "runtime": 90
    }
  },
  {
    "model": "apis.title",
    "pk": 77975,
    "fields": {
      "original_name": "Animal House",
      "is_adult": 0,
      "start_year": 1978,
      "end_year": null,
      "runtime": 109
    }
  },
  {
    "model": "apis.title",
    "pk": 78723,
    "fields": {
      "original_name": "1941",
      "is_adult": 0,
      "start_year": 1979,
      "end_year": null,
      "runtime": 118
    }
  },
  {
    "model": "apis.title",
    "pk": 78788,
    "fields": {
      "original_name": "Apocalypse Now",
      "is_adult": 0,
      "start_year": 1979,
      "end_year": null,
      "runtime": 147
    }
  },
  {
    "model": "apis.title",
    "pk": 80455,
    "fields": {
      "original_name": "The Blues Brothers",
      "is_adult": 0,
      "start_year": 1980,
      "end_year": null,
      "runtime": 133
    }
  },
  {
    "model": "apis.title",
    "pk": 80610,
    "fields": {
      "original_name": "Le dernier m\u00e9tro",
      "is_adult": 0,
      "start_year": 1980,
      "end_year": null,
      "runtime": 131
    }
  },
  {
    "model": "apis.title",
    "pk": 80736,
    "fields": {
      "original_name": "The Final Countdown",
      "is_adult": 0,
      "start_year": 1980,
      "end_year": null,
      "runtime": 103
    }
  },
  {
    "model": "apis.title",
    "pk": 82846,
    "fields": {
      "original_name": "On Golden Pond",
      "is_adult": 0,
      "start_year": 1981,
      "end_year": null,
      "runtime": 109
    }
  },
  {
    "model": "apis.title",
    "pk": 83922,
    "fields": {
      "original_name": "Fanny och Alexander",
      "is_adult": 0,
      "start_year": 1982,
      "end_year": null,
      "runtime": 188
    }
  },
  {
    "model": "apis.title",
    "pk": 87803,
    "fields": {
      "original_name": "Nineteen Eighty-Four",
      "is_adult": 0,
      "start_year": 1984,
      "end_year": null,
      "runtime": 113
    }
  },
  {
    "model": "apis.title",
    "pk": 91763,
    "fields": {
      "original_name": "Platoon",
      "is_adult": 0,
      "start_year": 1986,
      "end_year": null,
      "runtime": 120
    }
  },
  {
    "model": "apis.title",
    "pk": 96320,
    "fields": {
      "original_name": "Twins",
      "is_adult": 0,
      "start_year": 1988,
      "end_year": null,
      "runtime": 107
    }
  },
  {
    "model": "apis.title",
    "pk": 117057,
    "fields": {
      "original_name": "The Mirror Has Two Faces",
      "is_adult": 0,
      "start_year": 1996,
      "end_year": null,
      "runtime": 126
    }
  },
  {
    "model": "apis.genre",
    "pk": 1,
    "fields": {
      "name": "Drama"
    }
  },
  {
    "model": "apis.genre",
    "pk": 2,
    "fields": {
      "name": "Romance"
    }
  },
  {
    "model": "apis.genre",
    "pk": 3,
    "fields": {
      "name": "Comedy"
    }
  },
  {
    "model": "apis.genre",
    "pk": 4,
    "fields": {
      "name": "Action"
    }
  },
  {
    "model": "apis.genre",
    "pk": 5,
    "fields": {
      "name": "Adventure"
    }
  },
  {
    "model": "apis.genre",
    "pk": 6,
    "fields": {
      "name": "Crime"
    }
  },
  {
    "model": "apis.genre",
    "pk": 7,
    "fields": {
      "name": "Film-Noir"
    }
  },
  {
    "model": "apis.genre",
    "pk": 8,
    "fields": {
      "name": "History"
    }
  },
  {
    "model": "apis.genre",
    "pk": 9,
    "fields": {
      "name": "Mystery"
    }
  },
  {
    "model": "apis.genre",
    "pk": 10,
    "fields": {
      "name": "Biography"
    }
  },
  {
    "model": "apis.genre",
    "pk": 11,
    "fields": {
      "name": "War"
    }
  },
  {
    "model": "apis.genre",
    "pk": 12,
    "fields": {
      "name": "Musical"
    }
  },
  {
    "model": "apis.genre",
    "pk": 13,
    "fields": {
      "name": "Thriller"
    }
  },
  {
    "model": "apis.genre",
    "pk": 14,
    "fields": {
      "name": "Music"
    }
  },
  {
    "model": "apis.genre",
    "pk": 15,
    "fields": {
      "name": "Western"
    }
  },
  {
    "model": "apis.genre",
    "pk": 16,
    "fields": {
      "name": "Fantasy"
    }
  },
  {
    "model": "apis.genre",
    "pk": 17,
    "fields": {
      "name": "Sci-Fi"
    }
  },
  {
    "model": "apis.genre",
    "pk": 18,
    "fields": {
      "name": "Horror"
    }
  },
  {
    "model": "apis.titlegenre",
    "pk": 1,
    "fields": {
      "title": 21156,
      "genre": 1
    }
  },
  {
    "model": "apis.titlegenre",
    "pk": 2,
    "fields": {
      "title": 21156,
      "genre": 2
    }
  },
  {
    "model": "apis.titlegenre",
    "pk": 3,
    "fields": {
      "title": 27996,
      "genre": 3
    }
  },
  {
    "model": "apis.titlegenre",
    "pk": 4,
    "fields": {
      "title": 27996,
      "genre": 1
    }
  },
  {
    "model": "apis.titlegenre",
    "pk": 5,
    "fields": {
      "title": 27996,
      "genre": 2
    }
  },
  {
    "model": "apis.titlegenre",
    "pk": 6,
    "fields": {
      "title": 29843,
      "genre": 4
    }
  },
  {
    "model": "apis.titlegenre",
    "pk": 7,
    "fields": {
      "title": 29843,
      "genre": 5
    }
  },
  {
    "model": "apis.titlegenre",
    "pk": 8,
    "fields": {
      "title": 29843,
      "genre": 2
    }
  },
  {
    "model": "apis.titlegenre",
    "pk": 9,
    "fields": {
      "title": 29870,
      "genre": 6
    }
  },
  {
    "model": "apis.titlegenre",
    "pk": 10,
    "fields": {
      "title": 29870,
      "genre": 1
    }
  },
  {
    "model": "apis.titlegenre",
    "pk": 11,
    "fields": {
      "title": 29870,
      "genre": 7
    }
  },
  {
    "model": "apis.titlegenre",
    "pk": 12,
    "fields": {
      "title": 31210,
      "genre": 1
    }
  },
  {
    "model": "apis.titlegenre",
    "pk": 13,
    "fields": {
      "title": 31210,
      "genre": 2
    }
  },
  {
    "model": "apis.titlegenre",
    "pk": 14,
    "fields": {
      "title": 31381,
      "genre": 1
    }
  },
  {
    "model": "apis.titlegenre",
    "pk": 15,
    "fields": {
      "title": 31381,
      "genre": 8
    }
  },
  {
    "model": "apis.titlegenre",
    "pk": 16,
    "fields": {
      "title": 31381,
      "genre": 2
    }
  },
  {
    "model": "apis.titlegenre",
    "pk": 17,
    "fields": {
      "title": 31867,
      "genre": 4
    }
  },
  {
    "model": "apis.titlegenre",
    "pk": 18,
    "fields": {
      "title": 31867,
      "genre": 6
    }
  },
  {
    "model": "apis.titlegenre",
    "pk": 19,
    "fields": {
      "title": 31867,
      "genre": 1
    }
  },
  {
    "model": "apis.titlegenre",
    "pk": 20,
    "fields": {
      "title": 32551,
      "genre": 1
    }
  },
  {
    "model": "apis.titlegenre",
    "pk": 21,
    "fields": {
      "title": 32551,
      "genre": 8
    }
  },
  {
    "model": "apis.titlegenre",
    "pk": 22,
    "fields": {
      "title": 33870,
      "genre": 7
    }
  },
  {
    "model": "apis.titlegenre",
    "pk": 23,
    "fields": {
      "title": 33870,
      "genre": 9
    }
  },
  {
    "model": "apis.titlegenre",
    "pk": 24,
    "fields": {
      "title": 34167,
      "genre": 10
    }
  },
  {
    "model": "apis.titlegenre",
    "pk": 25,
    "fields": {
      "title": 34167,
      "genre": 1
    }
  },
  {
    "model": "apis.titlegenre",
    "pk": 26,
    "fields": {
      "title": 34167,
      "genre": 8
    }
  },
  {
    "model": "apis.titlegenre",
    "pk": 27,
    "fields": {
      "title": 34583,
      "genre": 1
    }
  },
  {
    "model": "apis.titlegenre",
    "pk": 28,
    "fields": {
      "title": 34583,
      "genre": 2
    }
  },
  {
    "model": "apis.titlegenre",
    "pk": 29,
    "fields": {
      "title": 34583,
      "genre": 11
    }
  },
  {
    "model": "apis.titlegenre",
    "pk": 30,
    "fields": {
      "title": 35140,
      "genre": 1
    }
  },
  {
    "model": "apis.titlegenre",
    "pk": 31,
    "fields": {
      "title": 35140,
      "genre": 2
    }
  },
  {
    "model": "apis.titlegenre",
    "pk": 32,
    "fields": {
      "title": 35211,
      "genre": 10
    }
  },
  {
    "model": "apis.titlegenre",
    "pk": 33,
    "fields": {
      "title": 35211,
      "genre": 1
    }
  },
  {
    "model": "apis.titlegenre",
    "pk": 34,
    "fields": {
      "title": 35211,
      "genre": 2
    }
  },
  {
    "model": "apis.titlegenre",
    "pk": 35,
    "fields": {
      "title": 35575,
      "genre": 10
    }
  },
  {
    "model": "apis.titlegenre",
    "pk": 36,
    "fields": {
      "title": 35575,
      "genre": 1
    }
  },
  {
    "model": "apis.titlegenre",
    "pk": 37,
    "fields": {
      "title": 35575,
      "genre": 12
    }
  },
  {
    "model": "apis.titlegenre",
    "pk": 38,
    "fields": {
      "title": 36855,
      "genre": 6
    }
  },
  {
    "model": "apis.titlegenre",
    "pk": 39,
    "fields": {
      "title": 36855,
      "genre": 1
    }
  },
  {
    "model": "apis.titlegenre",
    "pk": 40,
    "fields": {
      "title": 36855,
      "genre": 7
    }
  },
  {
    "model": "apis.titlegenre",
    "pk": 41,
    "fields": {
      "title": 37382,
      "genre": 5
    }
  },
  {
    "model": "apis.titlegenre",
    "pk": 42,
    "fields": {
      "title": 37382,
      "genre": 3
    }
  },
  {
    "model": "apis.titlegenre",
    "pk": 43,
    "fields": {
      "title": 37382,
      "genre": 2
    }
  },
  {
    "model": "apis.titlegenre",
    "pk": 44,
    "fields": {
      "title": 38109,
      "genre": 7
    }
  },
  {
    "model": "apis.titlegenre",
    "pk": 45,
    "fields": {
      "title": 38109,
      "genre": 9
    }
  },
  {
    "model": "apis.titlegenre",
    "pk": 46,
    "fields": {
      "title": 38109,
      "genre": 2
    }
  },
  {
    "model": "apis.titlegenre",
    "pk": 47,
    "fields": {
      "title": 38355,
      "genre": 6
    }
  },
  {
    "model": "apis.titlegenre",
    "pk": 48,
    "fields": {
      "title": 38355,
      "genre": 7
    }
  },
  {
    "model": "apis.titlegenre",
    "pk": 49,
    "fields": {
      "title": 38355,
      "genre": 9
    }
  },
  {
    "model": "apis.titlegenre",
    "pk": 50,
    "fields": {
      "title": 38787,
      "genre": 1
    }
  },
  {
    "model": "apis.titlegenre",
    "pk": 51,
    "fields": {
      "title": 38787,
      "genre": 7
    }
  },
  {
    "model": "apis.titlegenre",
    "pk": 52,
    "fields": {
      "title": 38787,
      "genre": 2
    }
  },
  {
    "model": "apis.titlegenre",
    "pk": 53,
    "fields": {
      "title": 40806,
      "genre": 1
    }
  },
  {
    "model": "apis.titlegenre",
    "pk": 54,
    "fields": {
      "title": 40806,
      "genre": 9
    }
  },
  {
    "model": "apis.titlegenre",
    "pk": 55,
    "fields": {
      "title": 41452,
      "genre": 1
    }
  },
  {
    "model": "apis.titlegenre",
    "pk": 56,
    "fields": {
      "title": 41452,
      "genre": 2
    }
  },
  {
    "model": "apis.titlegenre",
    "pk": 57,
    "fields": {
      "title": 42192,
      "genre": 1
    }
  },
  {
    "model": "apis.titlegenre",
    "pk": 58,
    "fields": {
      "title": 43044,
      "genre": 10
    }
  },
  {
    "model": "apis.titlegenre",
    "pk": 59,
    "fields": {
      "title": 43044,
      "genre": 3
    }
  },
  {
    "model": "apis.titlegenre",
    "pk": 60,
    "fields": {
      "title": 43044,
      "genre": 12
    }
  },
  {
    "model": "apis.titlegenre",
    "pk": 61,
    "fields": {
      "title": 43265,
      "genre": 5
    }
  },
  {
    "model": "apis.titlegenre",
    "pk": 62,
    "fields": {
      "title": 43265,
      "genre": 1
    }
  },
  {
    "model": "apis.titlegenre",
    "pk": 63,
    "fields": {
      "title": 43265,
      "genre": 2
    }
  },
  {
    "model": "apis.titlegenre",
    "pk": 64,
    "fields": {
      "title": 44706,
      "genre": 4
    }
  },
  {
    "model": "apis.titlegenre",
    "pk": 65,
    "fields": {
      "title": 44706,
      "genre": 1
    }
  },
  {
    "model": "apis.titlegenre",
    "pk": 66,
    "fields": {
      "title": 44706,
      "genre": 13
    }
  },
  {
    "model": "apis.titlegenre",
    "pk": 67,
    "fields": {
      "title": 45458,
      "genre": 1
    }
  },
  {
    "model": "apis.titlegenre",
    "pk": 68,
    "fields": {
      "title": 45458,
      "genre": 8
    }
  },
  {
    "model": "apis.titlegenre",
    "pk": 69,
    "fields": {
      "title": 47296,
      "genre": 6
    }
  },
  {
    "model": "apis.titlegenre",
    "pk": 70,
    "fields": {
      "title": 47296,
      "genre": 1
    }
  },
  {
    "model": "apis.titlegenre",
    "pk": 71,
    "fields": {
      "title": 47296,
      "genre": 13
    }
  },
  {
    "model": "apis.titlegenre",
    "pk": 72,
    "fields": {
      "title": 47528,
      "genre": 1
    }
  },
  {
    "model": "apis.titlegenre",
    "pk": 73,
    "fields": {
      "title": 48028,
      "genre": 1
    }
  },
  {
    "model": "apis.titlegenre",
    "pk": 74,
    "fields": {
      "title": 48317,
      "genre": 10
    }
  },
  {
    "model": "apis.titlegenre",
    "pk": 75,
    "fields": {
      "title": 48317,
      "genre": 1
    }
  },
  {
    "model": "apis.titlegenre",
    "pk": 76,
    "fields": {
      "title": 48317,
      "genre": 14
    }
  },
  {
    "model": "apis.titlegenre",
    "pk": 77,
    "fields": {
      "title": 48545,
      "genre": 1
    }
  },
  {
    "model": "apis.titlegenre",
    "pk": 78,
    "fields": {
      "title": 49189,
      "genre": 1
    }
  },
  {
    "model": "apis.titlegenre",
    "pk": 79,
    "fields": {
      "title": 49189,
      "genre": 2
    }
  },
  {
    "model": "apis.titlegenre",
    "pk": 80,
    "fields": {
      "title": 49261,
      "genre": 1
    }
  },
  {
    "model": "apis.titlegenre",
    "pk": 81,
    "fields": {
      "title": 49261,
      "genre": 15
    }
  },
  {
    "model": "apis.titlegenre",
    "pk": 82,
    "fields": {
      "title": 49456,
      "genre": 10
    }
  },
  {
    "model": "apis.titlegenre",
    "pk": 83,
    "fields": {
      "title": 49456,
      "genre": 1
    }
  },
  {
    "model": "apis.titlegenre",
    "pk": 84,
    "fields": {
      "title": 50083,
      "genre": 1
    }
  },
  {
    "model": "apis.titlegenre",
    "pk": 85,
    "fields": {
      "title": 50419,
      "genre": 3
    }
  },
  {
    "model": "apis.titlegenre",
    "pk": 86,
    "fields": {
      "title": 50419,
      "genre": 12
    }
  },
  {
    "model": "apis.titlegenre",
    "pk": 87,
    "fields": {
      "title": 50419,
      "genre": 2
    }
  },
  {
    "model": "apis.titlegenre",
    "pk": 88,
    "fields": {
      "title": 50976,
      "genre": 1
    }
  },
  {
    "model": "apis.titlegenre",
    "pk": 89,
    "fields": {
      "title": 50976,
      "genre": 16
    }
  },
  {
    "model": "apis.titlegenre",
    "pk": 90,
    "fields": {
      "title": 50986,
      "genre": 1
    }
  },
  {
    "model": "apis.titlegenre",
    "pk": 91,
    "fields": {
      "title": 50986,
      "genre": 2
    }
  },
  {
    "model": "apis.titlegenre",
    "pk": 92,
    "fields": {
      "title": 51201,
      "genre": 6
    }
  },
  {
    "model": "apis.titlegenre",
    "pk": 93,
    "fields": {
      "title": 51201,
      "genre": 1
    }
  },
  {
    "model": "apis.titlegenre",
    "pk": 94,
    "fields": {
      "title": 51201,
      "genre": 9
    }
  },
  {
    "model": "apis.titlegenre",
    "pk": 95,
    "fields": {
      "title": 52311,
      "genre": 6
    }
  },
  {
    "model": "apis.titlegenre",
    "pk": 96,
    "fields": {
      "title": 52311,
      "genre": 1
    }
  },
  {
    "model": "apis.titlegenre",
    "pk": 97,
    "fields": {
      "title": 52311,
      "genre": 7
    }
  },
  {
    "model": "apis.titlegenre",
    "pk": 98,
    "fields": {
      "title": 52365,
      "genre": 4
    }
  },
  {
    "model": "apis.titlegenre",
    "pk": 99,
    "fields": {
      "title": 52365,
      "genre": 5
    }
  },
  {
    "model": "apis.titlegenre",
    "pk": 100,
    "fields": {
      "title": 53137,
      "genre": 1
    }
  },
  {
    "model": "apis.titlegenre",
    "pk": 101,
    "fields": {
      "title": 53137,
      "genre": 2
    }
  },
  {
    "model": "apis.titlegenre",
    "pk": 102,
    "fields": {
      "title": 53137,
      "genre": 17
    }
  },
  {
    "model": "apis.titlegenre",
    "pk": 103,
    "fields": {
      "title": 53172,
      "genre": 3
    }
  },
  {
    "model": "apis.titlegenre",
    "pk": 104,
    "fields": {
      "title": 53172,
      "genre": 2
    }
  },
  {
    "model": "apis.titlegenre",
    "pk": 105,
    "fields": {
      "title": 53779,
      "genre": 3
    }
  },
  {
    "model": "apis.titlegenre",
    "pk": 106,
    "fields": {
      "title": 53779,
      "genre": 1
    }
  },
  {
    "model": "apis.titlegenre",
    "pk": 107,
    "fields": {
      "title": 54331,
      "genre": 5
    }
  },
  {
    "model": "apis.titlegenre",
    "pk": 108,
    "fields": {
      "title": 54331,
      "genre": 10
    }
  },
  {
    "model": "apis.titlegenre",
    "pk": 109,
    "fields": {
      "title": 54331,
      "genre": 1
    }
  },
  {
    "model": "apis.titlegenre",
    "pk": 110,
    "fields": {
      "title": 54452,
      "genre": 1
    }
  },
  {
    "model": "apis.titlegenre",
    "pk": 111,
    "fields": {
      "title": 55031,
      "genre": 1
    }
  },
  {
    "model": "apis.titlegenre",
    "pk": 112,
    "fields": {
      "title": 55031,
      "genre": 11
    }
  },
  {
    "model": "apis.titlegenre",
    "pk": 113,
    "fields": {
      "title": 55100,
      "genre": 3
    }
  },
  {
    "model": "apis.titlegenre",
    "pk": 114,
    "fields": {
      "title": 55100,
      "genre": 1
    }
  },
  {
    "model": "apis.titlegenre",
    "pk": 115,
    "fields": {
      "title": 55100,
      "genre": 2
    }
  },
  {
    "model": "apis.titlegenre",
    "pk": 116,
    "fields": {
      "title": 55256,
      "genre": 3
    }
  },
  {
    "model": "apis.titlegenre",
    "pk": 117,
    "fields": {
      "title": 56687,
      "genre": 1
    }
  },
  {
    "model": "apis.titlegenre",
    "pk": 118,
    "fields": {
      "title": 56687,
      "genre": 18
    }
  },
  {
    "model": "apis.titlegenre",
    "pk": 119,
    "fields": {
      "title": 56687,
      "genre": 13
    }
  },
  {
    "model": "apis.titlegenre",
    "pk": 120,
    "fields": {
      "title": 56801,
      "genre": 1
    }
  },
  {
    "model": "apis.titlegenre",
    "pk": 121,
    "fields": {
      "title": 57345,
      "genre": 1
    }
  },
  {
    "model": "apis.titlegenre",
    "pk": 122,
    "fields": {
      "title": 57345,
      "genre": 2
    }
  },
  {
    "model": "apis.titlegenre",
    "pk": 123,
    "fields": {
      "title": 57877,
      "genre": 10
    }
  },
  {
    "model": "apis.titlegenre",
    "pk": 124,
    "fields": {
      "title": 57877,
      "genre": 1
    }
  },
  {
    "model": "apis.titlegenre",
    "pk": 125,
    "fields": {
      "title": 57877,
      "genre": 8
    }
  },
  {
    "model": "apis.titlegenre",
    "pk": 126,
    "fields": {
      "title": 59749,
      "genre": 1
    }
  },
  {
    "model": "apis.titlegenre",
    "pk": 127,
    "fields": {
      "title": 59749,
      "genre": 13
    }
  },
  {
    "model": "apis.titlegenre",
    "pk": 128,
    "fields": {
      "title": 59956,
      "genre": 5
    }
  },
  {
    "model": "apis.titlegenre",
    "pk": 129,
    "fields": {
      "title": 59956,
      "genre": 3
    }
  },
  {
    "model": "apis.titlegenre",
    "pk": 130,
    "fields": {
      "title": 59956,
      "genre": 2
    }
  },
  {
    "model": "apis.titlegenre",
    "pk": 131,
    "fields": {
      "title": 60463,
      "genre": 3
    }
  },
  {
    "model": "apis.titlegenre",
    "pk": 132,
    "fields": {
      "title": 60463,
      "genre": 2
    }
  },
  {
    "model": "apis.titlegenre",
    "pk": 133,
    "fields": {
      "title": 61184,
      "genre": 1
    }
  },
  {
    "model": "apis.titlegenre",
    "pk": 134,
    "fields": {
      "title": 64116,
      "genre": 15
    }
  },
  {
    "model": "apis.titlegenre",
    "pk": 135,
    "fields": {
      "title": 68646,
      "genre": 6
    }
  },
  {
    "model": "apis.titlegenre",
    "pk": 136,
    "fields": {
      "title": 68646,
      "genre": 1
    }
  },
  {
    "model": "apis.titlegenre",
    "pk": 137,
    "fields": {
      "title": 69467,
      "genre": 1
    }
  },
  {
    "model": "apis.titlegenre",
    "pk": 138,
    "fields": {
      "title": 69946,
      "genre": 1
    }
  },
  {
    "model": "apis.titlegenre",
    "pk": 139,
    "fields": {
      "title": 69946,
      "genre": 17
    }
  },
  {
    "model": "apis.titlegenre",
    "pk": 140,
    "fields": {
      "title": 69946,
      "genre": 13
    }
  },
  {
    "model": "apis.titlegenre",
    "pk": 141,
    "fields": {
      "title": 70849,
      "genre": 1
    }
  },
  {
    "model": "apis.titlegenre",
    "pk": 142,
    "fields": {
      "title": 70849,
      "genre": 2
    }
  },
  {
    "model": "apis.titlegenre",
    "pk": 143,
    "fields": {
      "title": 71129,
      "genre": 3
    }
  },
  {
    "model": "apis.titlegenre",
    "pk": 144,
    "fields": {
      "title": 71129,
      "genre": 1
    }
  },
  {
    "model": "apis.titlegenre",
    "pk": 145,
    "fields": {
      "title": 71877,
      "genre": 6
    }
  },
  {
    "model": "apis.titlegenre",
    "pk": 146,
    "fields": {
      "title": 71877,
      "genre": 1
    }
  },
  {
    "model": "apis.titlegenre",
    "pk": 147,
    "fields": {
      "title": 71877,
      "genre": 9
    }
  },
  {
    "model": "apis.titlegenre",
    "pk": 148,
    "fields": {
      "title": 72308,
      "genre": 4
    }
  },
  {
    "model": "apis.titlegenre",
    "pk": 149,
    "fields": {
      "title": 72308,
      "genre": 1
    }
  },
  {
    "model": "apis.titlegenre",
    "pk": 150,
    "fields": {
      "title": 72308,
      "genre": 13
    }
  },
  {
    "model": "apis.titlegenre",
    "pk": 151,
    "fields": {
      "title": 72562,
      "genre": 3
    }
  },
  {
    "model": "apis.titlegenre",
    "pk": 152,
    "fields": {
      "title": 72562,
      "genre": 14
    }
  },
  {
    "model": "apis.titlegenre",
    "pk": 153,
    "fields": {
      "title": 77975,
      "genre": 3
    }
  },
  {
    "model": "apis.titlegenre",
    "pk": 154,
    "fields": {
      "title": 78723,
      "genre": 4
    }
  },
  {
    "model": "apis.titlegenre",
    "pk": 155,
    "fields": {
      "title": 78723,
      "genre": 3
    }
  },
  {
    "model": "apis.titlegenre",
    "pk": 156,
    "fields": {
      "title": 78723,
      "genre": 11
    }
  },
  {
    "model": "apis.titlegenre",
    "pk": 157,
    "fields": {
      "title": 78788,
      "genre": 1
    }
  },
  {
    "model": "apis.titlegenre",
    "pk": 158,
    "fields": {
      "title": 78788,
      "genre": 11
    }
  },
  {
    "model": "apis.titlegenre",
    "pk": 159,
    "fields": {
      "title": 80455,
      "genre": 5
    }
  },
  {
    "model": "apis.titlegenre",
    "pk": 160,
    "fields": {
      "title": 80455,
      "genre": 3
    }
  },
  {
    "model": "apis.titlegenre",
    "pk": 161,
    "fields": {
      "title": 80455,
      "genre": 6
    }
  },
  {
    "model": "apis.titlegenre",
    "pk": 162,
    "fields": {
      "title": 80610,
      "genre": 1
    }
  },
  {
    "model": "apis.titlegenre",
    "pk": 163,
    "fields": {
      "title": 80610,
      "genre": 2
    }
  },
  {
    "model": "apis.titlegenre",
    "pk": 164,
    "fields": {
      "title": 80610,
      "genre": 11
    }
  },
  {
    "model": "apis.titlegenre",
    "pk": 165,
    "fields": {
      "title": 80736,
      "genre": 4
    }
  },
  {
    "model": "apis.titlegenre",
    "pk": 166,
    "fields": {
      "title": 80736,
      "genre": 17
    }
  },
  {
    "model": "apis.titlegenre",
    "pk": 167,
    "fields": {
      "title": 82846,
      "genre": 1
    }
  },
  {
    "model": "apis.titlegenre",
    "pk": 168,
    "fields": {
      "title": 83922,
      "genre": 1
    }
  },
  {
    "model": "apis.titlegenre",
    "pk": 169,
    "fields": {
      "title": 87803,
      "genre": 1
    }
  },
  {
    "model": "apis.titlegenre",
    "pk": 170,
    "fields": {
      "title": 87803,
      "genre": 17
    }
  },
  {
    "model": "apis.titlegenre",
    "pk": 171,
    "fields": {
      "title": 91763,
      "genre": 1
    }
  },
  {
    "model": "apis.titlegenre",
    "pk": 172,
    "fields": {
      "title": 91763,
      "genre": 11
    }
  },
  {
    "model": "apis.titlegenre",
    "pk": 173,
    "fields": {
      "title": 96320,
      "genre": 3
    }
  },
  {
    "model": "apis.titlegenre",
    "pk": 174,
    "fields": {
      "title": 96320,
      "genre": 6
    }
  },
  {
    "model": "apis.titlegenre",
    "pk": 175,
    "fields": {
      "title": 117057,
      "genre": 3
    }
  },
  {
    "model": "apis.titlegenre",
    "pk": 176,
    "fields": {
      "title": 117057,
      "genre": 1
    }
  },
  {
    "model": "apis.titlegenre",
    "pk": 177,
    "fields": {
      "title": 117057,
      "genre": 2
    }
  },
  {
    "model": "apis.persontitle",
    "pk": 1,
    "fields": {
      "person": 1,
      "title": 72308
    }
  },
  {
    "model": "apis.persontitle",
    "pk": 2,
    "fields": {
      "person": 1,
      "title": 53137
    }
  },
  {
    "model": "apis.persontitle",
    "pk": 3,
    "fields": {
      "person": 1,
      "title": 50419
    }
  },
  {
    "model": "apis.persontitle",
    "pk": 4,
    "fields": {
      "person": 1,
      "title": 43044
    }
  },
  {
    "model": "apis.persontitle",
    "pk": 5,
    "fields": {
      "person": 2,
      "title": 117057
    }
  },
  {
    "model": "apis.persontitle",
    "pk": 6,
    "fields": {
      "person": 2,
      "title": 37382
    }
  },
  {
    "model": "apis.persontitle",
    "pk": 7,
    "fields": {
      "person": 2,
      "title": 38355
    }
  },
  {
    "model": "apis.persontitle",
    "pk": 8,
    "fields": {
      "person": 2,
      "title": 71877
    }
  },
  {
    "model": "apis.persontitle",
    "pk": 9,
    "fields": {
      "person": 3,
      "title": 54452
    }
  },
  {
    "model": "apis.persontitle",
    "pk": 10,
    "fields": {
      "person": 3,
      "title": 49189
    }
  },
  {
    "model": "apis.persontitle",
    "pk": 11,
    "fields": {
      "person": 3,
      "title": 59956
    }
  },
  {
    "model": "apis.persontitle",
    "pk": 12,
    "fields": {
      "person": 3,
      "title": 57345
    }
  },
  {
    "model": "apis.persontitle",
    "pk": 13,
    "fields": {
      "person": 4,
      "title": 77975
    }
  },
  {
    "model": "apis.persontitle",
    "pk": 14,
    "fields": {
      "person": 4,
      "title": 80455
    }
  },
  {
    "model": "apis.persontitle",
    "pk": 15,
    "fields": {
      "person": 4,
      "title": 72562
    }
  },
  {
    "model": "apis.persontitle",
    "pk": 16,
    "fields": {
      "person": 4,
      "title": 78723
    }
  },
  {
    "model": "apis.persontitle",
    "pk": 17,
    "fields": {
      "person": 5,
      "title": 50976
    }
  },
  {
    "model": "apis.persontitle",
    "pk": 18,
    "fields": {
      "person": 5,
      "title": 83922
    }
  },
  {
    "model": "apis.persontitle",
    "pk": 19,
    "fields": {
      "person": 5,
      "title": 50986
    }
  },
  {
    "model": "apis.persontitle",
    "pk": 20,
    "fields": {
      "person": 5,
      "title": 69467
    }
  },
  {
    "model": "apis.persontitle",
    "pk": 21,
    "fields": {
      "person": 6,
      "title": 71877
    }
  },
  {
    "model": "apis.persontitle",
    "pk": 22,
    "fields": {
      "person": 6,
      "title": 38787
    }
  },
  {
    "model": "apis.persontitle",
    "pk": 23,
    "fields": {
      "person": 6,
      "title": 36855
    }
  },
  {
    "model": "apis.persontitle",
    "pk": 24,
    "fields": {
      "person": 6,
      "title": 38109
    }
  },
  {
    "model": "apis.persontitle",
    "pk": 25,
    "fields": {
      "person": 7,
      "title": 43265
    }
  },
  {
    "model": "apis.persontitle",
    "pk": 26,
    "fields": {
      "person": 7,
      "title": 37382
    }
  },
  {
    "model": "apis.persontitle",
    "pk": 27,
    "fields": {
      "person": 7,
      "title": 34583
    }
  },
  {
    "model": "apis.persontitle",
    "pk": 28,
    "fields": {
      "person": 7,
      "title": 33870
    }
  },
  {
    "model": "apis.persontitle",
    "pk": 29,
    "fields": {
      "person": 8,
      "title": 70849
    }
  },
  {
    "model": "apis.persontitle",
    "pk": 30,
    "fields": {
      "person": 8,
      "title": 78788
    }
  },
  {
    "model": "apis.persontitle",
    "pk": 31,
    "fields": {
      "person": 8,
      "title": 68646
    }
  },
  {
    "model": "apis.persontitle",
    "pk": 32,
    "fields": {
      "person": 8,
      "title": 47296
    }
  },
  {
    "model": "apis.persontitle",
    "pk": 33,
    "fields": {
      "person": 9,
      "title": 87803
    }
  },
  {
    "model": "apis.persontitle",
    "pk": 34,
    "fields": {
      "person": 9,
      "title": 61184
    }
  },
  {
    "model": "apis.persontitle",
    "pk": 35,
    "fields": {
      "person": 9,
      "title": 57877
    }
  },
  {
    "model": "apis.persontitle",
    "pk": 36,
    "fields": {
      "person": 9,
      "title": 59749
    }
  },
  {
    "model": "apis.persontitle",
    "pk": 37,
    "fields": {
      "person": 10,
      "title": 55256
    }
  },
  {
    "model": "apis.persontitle",
    "pk": 38,
    "fields": {
      "person": 10,
      "title": 29870
    }
  },
  {
    "model": "apis.persontitle",
    "pk": 39,
    "fields": {
      "person": 10,
      "title": 35575
    }
  },
  {
    "model": "apis.persontitle",
    "pk": 40,
    "fields": {
      "person": 10,
      "title": 31867
    }
  },
  {
    "model": "apis.persontitle",
    "pk": 41,
    "fields": {
      "person": 11,
      "title": 35211
    }
  },
  {
    "model": "apis.persontitle",
    "pk": 42,
    "fields": {
      "person": 11,
      "title": 27996
    }
  },
  {
    "model": "apis.persontitle",
    "pk": 43,
    "fields": {
      "person": 11,
      "title": 34167
    }
  },
  {
    "model": "apis.persontitle",
    "pk": 44,
    "fields": {
      "person": 11,
      "title": 44706
    }
  },
  {
    "model": "apis.persontitle",
    "pk": 45,
    "fields": {
      "person": 12,
      "title": 56687
    }
  },
  {
    "model": "apis.persontitle",
    "pk": 46,
    "fields": {
      "person": 12,
      "title": 31210
    }
  },
  {
    "model": "apis.persontitle",
    "pk": 47,
    "fields": {
      "person": 12,
      "title": 35140
    }
  },
  {
    "model": "apis.persontitle",
    "pk": 48,
    "fields": {
      "person": 12,
      "title": 42192
    }
  },
  {
    "model": "apis.persontitle",
    "pk": 49,
    "fields": {
      "person": 13,
      "title": 53172
    }
  },
  {
    "model": "apis.persontitle",
    "pk": 50,
    "fields": {
      "person": 13,
      "title": 60463
    }
  },
  {
    "model": "apis.persontitle",
    "pk": 51,
    "fields": {
      "person": 13,
      "title": 48317
    }
  },
  {
    "model": "apis.persontitle",
    "pk": 52,
    "fields": {
      "person": 13,
      "title": 55100
    }
  },
  {
    "model": "apis.persontitle",
    "pk": 53,
    "fields": {
      "person": 14,
      "title": 29843
    }
  },
  {
    "model": "apis.persontitle",
    "pk": 54,
    "fields": {
      "person": 14,
      "title": 41452
    }
  },
  {
    "model": "apis.persontitle",
    "pk": 55,
    "fields": {
      "person": 14,
      "title": 40806
    }
  },
  {
    "model": "apis.persontitle",
    "pk": 56,
    "fields": {
      "person": 14,
      "title": 31381
    }
  },
  {
    "model": "apis.persontitle",
    "pk": 57,
    "fields": {
      "person": 15,
      "title": 49261
    }
  },
  {
    "model": "apis.persontitle",
    "pk": 58,
    "fields": {
      "person": 15,
      "title": 48545
    }
  },
  {
    "model": "apis.persontitle",
    "pk": 59,
    "fields": {
      "person": 15,
      "title": 48028
    }
  },
  {
    "model": "apis.persontitle",
    "pk": 60,
    "fields": {
      "person": 15,
      "title": 45458
    }
  },
  {
    "model": "apis.persontitle",
    "pk": 61,
    "fields": {
      "person": 16,
      "title": 69946
    }
  },
  {
    "model": "apis.persontitle",
    "pk": 62,
    "fields": {
      "person": 16,
      "title": 96320
    }
  },
  {
    "model": "apis.persontitle",
    "pk": 63,
    "fields": {
      "person": 16,
      "title": 91763
    }
  },
  {
    "model": "apis.persontitle",
    "pk": 64,
    "fields": {
      "person": 16,
      "title": 80610
    }
  },
  {
    "model": "apis.persontitle",
    "pk": 65,
    "fields": {
      "person": 17,
      "title": 51201
    }
  },
  {
    "model": "apis.persontitle",
    "pk": 66,
    "fields": {
      "person": 17,
      "title": 21156
    }
  },
  {
    "model": "apis.persontitle",
    "pk": 67,
    "fields": {
      "person": 17,
      "title": 52311
    }
  },
  {
    "model": "apis.persontitle",
    "pk": 68,
    "fields": {
      "person": 17,
      "title": 55031
    }
  },
  {
    "model": "apis.persontitle",
    "pk": 69,
    "fields": {
      "person": 18,
      "title": 80736
    }
  },
  {
    "model": "apis.persontitle",
    "pk": 70,
    "fields": {
      "person": 18,
      "title": 54331
    }
  },
  {
    "model": "apis.persontitle",
    "pk": 71,
    "fields": {
      "person": 18,
      "title": 52365
    }
  },
  {
    "model": "apis.persontitle",
    "pk": 72,
    "fields": {
      "person": 18,
      "title": 49456
    }
  },
  {
    "model": "apis.persontitle",
    "pk": 73,
    "fields": {
      "person": 19,
      "title": 56801
    }
  },
  {
    "model": "apis.persontitle",
    "pk": 74,
    "fields": {
      "person": 19,
      "title": 47528
    }
  },
  {
    "model": "apis.persontitle",
    "pk": 75,
    "fields": {
      "person": 19,
      "title": 71129
    }
  },
  {
    "model": "apis.persontitle",
    "pk": 76,
    "fields": {
      "person": 19,
      "title": 53779
    }
  },
  {
    "model": "apis.persontitle",
    "pk": 77,
    "fields": {
      "person": 20,
      "title": 32551
    }
  },
  {
    "model": "apis.persontitle",
    "pk": 78,
    "fields": {
      "person": 20,
      "title": 50083
    }
  },
  {
    "model": "apis.persontitle",
    "pk": 79,
    "fields": {
      "person": 20,
      "title": 64116
    }
  },
  {
    "model": "apis.persontitle",
    "pk": 80,
    "fields": {
      "person": 20,
      "title": 82846
    }
  }
]